name,gender,colour
Aahil,M,lightblue
Aaliyah,F,lightpink
Aarav,M,lightblue
Aariz,M,lightblue
Aaron,M,lightblue
Aarya,F,lightpink
Aaryan,M,lightblue
Aayan,M,lightblue
Aayat,F,lightpink
Abby,F,lightpink
Abdiel,M,lightblue
Abdoul,M,lightblue
Abdoulaye,M,lightblue
Abdul,M,lightblue
Abdullah,M,lightblue
Abdulloh,M,lightblue
Abe,M,lightblue
Abel,M,lightblue
Abigail,F,lightpink
Aboubacar,M,lightblue
Abraham,M,lightblue
Abrar,M,lightblue
Abrielle,F,lightpink
Abril,F,lightpink
Abubakr,M,lightblue
Ace,M,lightblue
Ada,F,lightpink
Adalynn,F,lightpink
Adam,M,lightblue
Adan,M,lightblue
Addison,F,lightpink
Adelaide,F,lightpink
Adele,F,lightpink
Adelina,F,lightpink
Adeline,F,lightpink
Adelyn,F,lightpink
Adelynn,F,lightpink
Aden,M,lightblue
Adiel,M,lightblue
Adina,F,lightpink
Aditya,M,lightblue
Adonis,M,lightblue
Adrian,M,lightblue
Adriana,F,lightpink
Adrianna,F,lightpink
Adriel,M,lightblue
Adyan,M,lightblue
Agnes,F,lightpink
Ahad,M,lightblue
Aharon,M,lightblue
Ahmad,M,lightblue
Ahmed,M,lightblue
Ahnaf,M,lightblue
Ahron,M,lightblue
Ahuva,F,lightpink
Aicha,F,lightpink
Aidan,M,lightblue
Aiden,M,lightblue
Ailani,F,lightpink
Aileen,F,lightpink
Aimee,F,lightpink
Aisha,F,lightpink
Aissata,F,lightpink
Aissatou,F,lightpink
Aitana,F,lightpink
Aiza,F,lightpink
Aizah,F,lightpink
Akiva,M,lightblue
Alahia,F,lightpink
Alaia,F,lightpink
Alaina,F,lightpink
Alaiya,F,lightpink
Alan,M,lightblue
Alana,F,lightpink
Alani,F,lightpink
Alanis,F,lightpink
Alanna,F,lightpink
Alaya,F,lightpink
Alayna,F,lightpink
Alba,F,lightpink
Albert,M,lightblue
Alberto,M,lightblue
Aldo,M,lightblue
Aleah,F,lightpink
Alec,M,lightblue
Aleena,F,lightpink
Alejandra,F,lightpink
Alejandro,M,lightblue
Aleksander,M,lightblue
Aleksandra,F,lightpink
Alessandra,F,lightpink
Alessandro,M,lightblue
Alessia,F,lightpink
Alex,M,lightblue
Alexa,F,lightpink
Alexander,M,lightblue
Alexandra,F,lightpink
Alexandria,F,lightpink
Alexia,F,lightpink
Alexis,F,lightpink
Alfred,M,lightblue
Alfredo,M,lightblue
Ali,M,lightblue
Alia,F,lightpink
Aliah,F,lightpink
Alice,F,lightpink
Alicia,F,lightpink
Alijah,M,lightblue
Alina,F,lightpink
Alisa,F,lightpink
Alisha,F,lightpink
Alison,F,lightpink
Alissa,F,lightpink
Alisson,F,lightpink
Aliya,F,lightpink
Aliyah,F,lightpink
Aliza,F,lightpink
Allan,M,lightblue
Allegra,F,lightpink
Allen,M,lightblue
Allison,F,lightpink
Allyson,F,lightpink
Alma,F,lightpink
Alondra,F,lightpink
Alonso,M,lightblue
Alpha,M,lightblue
Alston,M,lightblue
Alter,M,lightblue
Alvin,M,lightblue
Alyson,F,lightpink
Alyssa,F,lightpink
Amadou,M,lightblue
Amaia,F,lightpink
Amal,F,lightpink
Amalia,F,lightpink
Amanda,F,lightpink
Amani,F,lightpink
Amar'e,M,lightblue
Amara,F,lightpink
Amare,M,lightblue
Amari,M,lightblue
Amaya,F,lightpink
Amayah,F,lightpink
Ambar,F,lightpink
Amber,F,lightpink
Amberly,F,lightpink
Ameer,M,lightblue
Amelia,F,lightpink
Amelie,F,lightpink
Amia,F,lightpink
Amias,M,lightblue
Amina,F,lightpink
Aminata,F,lightpink
Amir,M,lightblue
Amira,F,lightpink
Amirah,F,lightpink
Amiri,M,lightblue
Amirjon,M,lightblue
Amiya,F,lightpink
Amiyah,F,lightpink
Amora,F,lightpink
Amoura,F,lightpink
Amrom,M,lightblue
Amy,F,lightpink
Ana,F,lightpink
Anabel,F,lightpink
Anabella,F,lightpink
Anabelle,F,lightpink
Anabia,F,lightpink
Anahi,F,lightpink
Anais,F,lightpink
Analia,F,lightpink
Ananya,F,lightpink
Anas,M,lightblue
Anastasia,F,lightpink
Anaya,F,lightpink
Anayah,F,lightpink
Ander,M,lightblue
Anderson,M,lightblue
Andre,M,lightblue
Andrea,F,lightpink
Andres,M,lightblue
Andrew,M,lightblue
Andy,M,lightblue
Angel,M,lightblue
Angela,F,lightpink
Angelica,F,lightpink
Angelina,F,lightpink
Angeline,F,lightpink
Angelique,F,lightpink
Angelo,M,lightblue
Angely,F,lightpink
Angie,F,lightpink
Angus,M,lightblue
Anika,F,lightpink
Anisa,F,lightpink
Anisha,F,lightpink
Aniya,F,lightpink
Aniyah,F,lightpink
Anjali,F,lightpink
Anna,F,lightpink
Annabel,F,lightpink
Annabella,F,lightpink
Annabelle,F,lightpink
Annalise,F,lightpink
Anne,F,lightpink
Annie,F,lightpink
Annika,F,lightpink
Ansel,M,lightblue
Anson,M,lightblue
Anthony,M,lightblue
Anton,M,lightblue
Antonella,F,lightpink
Antonia,F,lightpink
Antonio,M,lightblue
Anya,F,lightpink
April,F,lightpink
Arabella,F,lightpink
Archer,M,lightblue
Arden,F,lightpink
Arely,F,lightpink
Arham,M,lightblue
Ari,M,lightblue
Aria,F,lightpink
Ariadna,F,lightpink
Ariadne,F,lightpink
Ariah,F,lightpink
Arian,M,lightblue
Ariana,F,lightpink
Arianna,F,lightpink
Arianny,F,lightpink
Ariel,F,lightpink
Ariela,F,lightpink
Ariella,F,lightpink
Arielle,F,lightpink
Arisha,F,lightpink
Ariyah,F,lightpink
Arjun,M,lightblue
Arlet,F,lightpink
Arleth,F,lightpink
Arlette,F,lightpink
Arlo,M,lightblue
Armaan,M,lightblue
Armando,M,lightblue
Armani,M,lightblue
Aron,M,lightblue
Arthur,M,lightblue
Arturo,M,lightblue
Arvin,M,lightblue
Arya,F,lightpink
Aryan,M,lightblue
Arye,M,lightblue
Aryeh,M,lightblue
Asher,M,lightblue
Ashley,F,lightpink
Ashly,F,lightpink
Ashton,M,lightblue
Asia,F,lightpink
Astrid,F,lightpink
Atara,F,lightpink
Athena,F,lightpink
Atlas,M,lightblue
Atticus,M,lightblue
Aubree,F,lightpink
Aubrey,F,lightpink
Audrey,F,lightpink
August,M,lightblue
Augustus,M,lightblue
Aurelia,F,lightpink
Aurora,F,lightpink
Austin,M,lightblue
Autumn,F,lightpink
Ava,F,lightpink
Avery,F,lightpink
Avi,M,lightblue
Aviel,M,lightblue
Avigail,F,lightpink
Avital,F,lightpink
Aviva,F,lightpink
Avraham,M,lightblue
Avril,F,lightpink
Avrohom,M,lightblue
Avrum,M,lightblue
Avrumy,M,lightblue
Awa,F,lightpink
Axel,M,lightblue
Aya,F,lightpink
Ayaan,M,lightblue
Ayala,F,lightpink
Ayan,M,lightblue
Ayanna,F,lightpink
Ayat,F,lightpink
Ayden,M,lightblue
Aydin,M,lightblue
Ayelet,F,lightpink
Ayesha,F,lightpink
Ayla,F,lightpink
Ayleen,F,lightpink
Aylin,F,lightpink
Ayra,F,lightpink
Azaan,M,lightblue
Azaria,F,lightpink
Azariah,F,lightpink
Aziel,M,lightblue
Aziza,F,lightpink
Baila,F,lightpink
Bailey,F,lightpink
Barbara,F,lightpink
Baruch,M,lightblue
Bassy,F,lightpink
Basya,F,lightpink
Batsheva,F,lightpink
Batya,F,lightpink
Bayan,F,lightpink
Beatrice,F,lightpink
Beatrix,F,lightpink
Beau,M,lightblue
Beckett,M,lightblue
Belen,F,lightpink
Bella,F,lightpink
Ben,M,lightblue
Benjamin,M,lightblue
Bennett,M,lightblue
Benson,M,lightblue
Bentzion,M,lightblue
Benzion,M,lightblue
Berish,M,lightblue
Berl,M,lightblue
Bethany,F,lightpink
Bianca,F,lightpink
Billie,F,lightpink
Bina,F,lightpink
Bintou,F,lightpink
Binyamin,M,lightblue
Binyomin,M,lightblue
Blair,F,lightpink
Blake,F,lightpink
Blessing,F,lightpink
Blima,F,lightpink
Blimy,F,lightpink
Bodhi,M,lightblue
Bonnie,F,lightpink
Boruch,M,lightblue
Boubacar,M,lightblue
Bowen,M,lightblue
Bracha,F,lightpink
Bradley,M,lightblue
Brady,M,lightblue
Brandon,M,lightblue
Brayan,M,lightblue
Brayden,M,lightblue
Breindy,F,lightpink
Brenda,F,lightpink
Brendan,M,lightblue
Bria,F,lightpink
Brian,M,lightblue
Briana,F,lightpink
Brianna,F,lightpink
Brianny,F,lightpink
Bridget,F,lightpink
Briella,F,lightpink
Brielle,F,lightpink
Brigitte,F,lightpink
Britney,F,lightpink
Brittany,F,lightpink
Brody,M,lightblue
Brooke,F,lightpink
Brooklyn,F,lightpink
Brooks,M,lightblue
Bruce,M,lightblue
Brucha,F,lightpink
Bruchy,F,lightpink
Bruno,M,lightblue
Bryan,M,lightblue
Bryanna,F,lightpink
Bryant,M,lightblue
Bryce,M,lightblue
Brynn,F,lightpink
Bryson,M,lightblue
Burech,M,lightblue
Byron,M,lightblue
Caden,M,lightblue
Caiden,M,lightblue
Cairo,M,lightblue
Caitlin,F,lightpink
Caleb,M,lightblue
Cali,F,lightpink
Callie,F,lightpink
Calvin,M,lightblue
Camden,M,lightblue
Cameron,F,lightpink
Camila,F,lightpink
Camilla,F,lightpink
Camille,F,lightpink
Camilo,M,lightblue
Camren,M,lightblue
Carina,F,lightpink
Carla,F,lightpink
Carlos,M,lightblue
Carly,F,lightpink
Carmelo,M,lightblue
Carmen,F,lightpink
Carmine,M,lightblue
Carolina,F,lightpink
Caroline,F,lightpink
Carson,M,lightblue
Carter,M,lightblue
Casey,F,lightpink
Cassandra,F,lightpink
Cassidy,F,lightpink
Cataleya,F,lightpink
Catalina,F,lightpink
Catherine,F,lightpink
Cayden,M,lightblue
Cecelia,F,lightpink
Cecilia,F,lightpink
Celeste,F,lightpink
Celia,F,lightpink
Celine,F,lightpink
Cennet,F,lightpink
Cesar,M,lightblue
Chace,M,lightblue
Chad,M,lightblue
Chaim,M,lightblue
Chana,F,lightpink
Chance,M,lightblue
Chanel,F,lightpink
Chanie,F,lightpink
Chany,F,lightpink
Charles,M,lightblue
Charlie,F,lightpink
Charlotte,F,lightpink
Chase,M,lightblue
Chava,F,lightpink
Chavy,F,lightpink
Chaya,F,lightpink
Chelsea,F,lightpink
Cheskel,M,lightblue
Chesky,M,lightblue
Cheyenne,F,lightpink
Chiara,F,lightpink
Chloe,F,lightpink
Chris,M,lightblue
Christian,M,lightblue
Christina,F,lightpink
Christine,F,lightpink
Christopher,M,lightblue
Christy,F,lightpink
Cillian,M,lightblue
Cindy,F,lightpink
Claire,F,lightpink
Clara,F,lightpink
Clark,M,lightblue
Claudia,F,lightpink
Clementine,F,lightpink
Cleo,F,lightpink
Cody,M,lightblue
Cole,M,lightblue
Colette,F,lightpink
Colin,M,lightblue
Colton,M,lightblue
Connie,F,lightpink
Connor,M,lightblue
Conor,M,lightblue
Cooper,M,lightblue
Cora,F,lightpink
Corey,M,lightblue
Cormac,M,lightblue
Cristian,M,lightblue
Cristina,F,lightpink
Cristofer,M,lightblue
Cristopher,M,lightblue
Crosby,M,lightblue
Crystal,F,lightpink
Cynthia,F,lightpink
Cyrus,M,lightblue
Dahlia,F,lightpink
Daisy,F,lightpink
Dakota,F,lightpink
Daleyza,F,lightpink
Dalia,F,lightpink
Dallas,M,lightblue
Damani,M,lightblue
Damari,M,lightblue
Damaris,F,lightpink
Damian,M,lightblue
Damien,M,lightblue
Damon,M,lightblue
Dana,F,lightpink
Daniel,M,lightblue
Daniela,F,lightpink
Daniella,F,lightpink
Danielle,F,lightpink
Danna,F,lightpink
Danny,M,lightblue
Dante,M,lightblue
Daphne,F,lightpink
Dara,F,lightpink
Daria,F,lightpink
Dariel,M,lightblue
Darius,M,lightblue
Darren,M,lightblue
Darwin,M,lightblue
Dashiell,M,lightblue
David,M,lightblue
Dayana,F,lightpink
Dean,M,lightblue
Deborah,F,lightpink
Declan,M,lightblue
Delilah,F,lightpink
Demi,F,lightpink
Denis,M,lightblue
Denise,F,lightpink
Denisse,F,lightpink
Dennis,M,lightblue
Denzel,M,lightblue
Dereck,M,lightblue
Derek,M,lightblue
Derick,M,lightblue
Derrick,M,lightblue
Desmond,M,lightblue
Destiny,F,lightpink
Devin,M,lightblue
Devoiry,F,lightpink
Devon,M,lightblue
Devora,F,lightpink
Devorah,F,lightpink
Devory,F,lightpink
Diana,F,lightpink
Diego,M,lightblue
Dilan,M,lightblue
Dillon,M,lightblue
Dina,F,lightpink
Dion,M,lightblue
Dior,F,lightpink
Diya,F,lightpink
Diyora,F,lightpink
Dominic,M,lightblue
Dominick,M,lightblue
Donovan,M,lightblue
Doris,F,lightpink
Dov,M,lightblue
Dovid,M,lightblue
Dream,F,lightpink
Drew,M,lightblue
Drin,M,lightblue
Dua,F,lightpink
Dulce,F,lightpink
Duvid,M,lightblue
Dwayne,M,lightblue
Dylan,F,lightpink
Ean,M,lightblue
Eason,M,lightblue
Eddie,M,lightblue
Eddy,M,lightblue
Eden,F,lightpink
Edgar,M,lightblue
Edison,M,lightblue
Edith,F,lightpink
Eduardo,M,lightblue
Edward,M,lightblue
Edwin,M,lightblue
Efraim,M,lightblue
Egypt,F,lightpink
Eileen,F,lightpink
Eitan,M,lightblue
Eithan,M,lightblue
Elaine,F,lightpink
Elan,M,lightblue
Eleanor,F,lightpink
Elena,F,lightpink
Eleni,F,lightpink
Eli,M,lightblue
Eliam,M,lightblue
Elian,M,lightblue
Eliana,F,lightpink
Elianna,F,lightpink
Elianny,F,lightpink
Elias,M,lightblue
Eliel,M,lightblue
Eliezer,M,lightblue
Elijah,M,lightblue
Elimelech,M,lightblue
Elina,F,lightpink
Eliot,M,lightblue
Elisa,F,lightpink
Elise,F,lightpink
Elisheva,F,lightpink
Eliyahu,M,lightblue
Eliza,F,lightpink
Elizabeth,F,lightpink
Ella,F,lightpink
Elle,F,lightpink
Elliana,F,lightpink
Ellie,F,lightpink
Elliot,M,lightblue
Elliott,M,lightblue
Ellis,M,lightblue
Elodie,F,lightpink
Eloise,F,lightpink
Elsa,F,lightpink
Eluzer,M,lightblue
Elvin,M,lightblue
Elvis,M,lightblue
Elya,M,lightblue
Emaan,F,lightpink
Emani,F,lightpink
Emanuel,M,lightblue
Emely,F,lightpink
Emerson,F,lightpink
Emery,F,lightpink
Emil,M,lightblue
Emilia,F,lightpink
Emiliano,M,lightblue
Emilio,M,lightblue
Emily,F,lightpink
Emir,M,lightblue
Emma,F,lightpink
Emmanuel,M,lightblue
Emmanuella,F,lightpink
Emmeline,F,lightpink
Emmett,M,lightblue
Emmy,F,lightpink
Empress,F,lightpink
Enrique,M,lightblue
Enzo,M,lightblue
Ephraim,M,lightblue
Eric,M,lightblue
Erica,F,lightpink
Erick,M,lightblue
Erik,M,lightblue
Erika,F,lightpink
Erin,F,lightpink
Ermias,M,lightblue
Eshaal,F,lightpink
Eshal,F,lightpink
Eshan,M,lightblue
Esme,F,lightpink
Esmeralda,F,lightpink
Essence,F,lightpink
Esteban,M,lightblue
Estelle,F,lightpink
Ester,F,lightpink
Esther,F,lightpink
Estrella,F,lightpink
Esty,F,lightpink
Ethan,M,lightblue
Etty,F,lightpink
Eunice,F,lightpink
Eva,F,lightpink
Evan,M,lightblue
Evangeline,F,lightpink
Eve,F,lightpink
Evelina,F,lightpink
Evelyn,F,lightpink
Everett,M,lightblue
Everly,F,lightpink
Evie,F,lightpink
Eyad,M,lightblue
Ezekiel,M,lightblue
Ezequiel,M,lightblue
Ezra,M,lightblue
Ezriel,M,lightblue
Fabian,M,lightblue
Faiga,F,lightpink
Faigy,F,lightpink
Faith,F,lightpink
Fanta,F,lightpink
Farah,F,lightpink
Farhan,M,lightblue
Farida,F,lightpink
Fatima,F,lightpink
Fatimah,F,lightpink
Fatou,F,lightpink
Fatoumata,F,lightpink
Faye,F,lightpink
Felipe,M,lightblue
Felix,M,lightblue
Fernanda,F,lightpink
Fernando,M,lightblue
Feynman,M,lightblue
Filip,M,lightblue
Finley,F,lightpink
Finn,M,lightblue
Finnegan,M,lightblue
Fiona,F,lightpink
Fishel,M,lightblue
Florence,F,lightpink
Ford,M,lightblue
Fradel,F,lightpink
Frady,F,lightpink
Fraida,F,lightpink
Fraidy,F,lightpink
Frances,F,lightpink
Francesca,F,lightpink
Francesco,M,lightblue
Francis,M,lightblue
Francisco,M,lightblue
Franco,M,lightblue
Frank,M,lightblue
Franklin,M,lightblue
Freddy,M,lightblue
Frederick,M,lightblue
Freida,F,lightpink
Freidy,F,lightpink
Freya,F,lightpink
Frida,F,lightpink
Frieda,F,lightpink
Frimet,F,lightpink
Frimy,F,lightpink
Gabriel,M,lightblue
Gabriela,F,lightpink
Gabriella,F,lightpink
Gabrielle,F,lightpink
Gadiel,M,lightblue
Gael,M,lightblue
Gaia,F,lightpink
Galilea,F,lightpink
Gary,M,lightblue
Gavin,M,lightblue
Gavriel,M,lightblue
Gemma,F,lightpink
Genesis,F,lightpink
Genevieve,F,lightpink
George,M,lightblue
Georgia,F,lightpink
Georgina,F,lightpink
Geraldine,F,lightpink
Gerard,M,lightblue
Gerardo,M,lightblue
Gia,F,lightpink
Giada,F,lightpink
Giancarlo,M,lightblue
Gianluca,M,lightblue
Gianna,F,lightpink
Gianni,M,lightblue
Gideon,M,lightblue
Giovani,M,lightblue
Giovanna,F,lightpink
Giovanni,M,lightblue
Giovanny,M,lightblue
Giselle,F,lightpink
Gittel,F,lightpink
Gitty,F,lightpink
Giulia,F,lightpink
Giuliana,F,lightpink
Giuseppe,M,lightblue
Golda,F,lightpink
Goldie,F,lightpink
Goldy,F,lightpink
Gordon,M,lightblue
Grace,F,lightpink
Gracie,F,lightpink
Graham,M,lightblue
Grant,M,lightblue
Grayson,M,lightblue
Gregory,M,lightblue
Greta,F,lightpink
Grey,M,lightblue
Greyson,M,lightblue
Griffin,M,lightblue
Guadalupe,F,lightpink
Gustavo,M,lightblue
Guy,M,lightblue
Gwendolyn,F,lightpink
Hadassa,F,lightpink
Hadassah,F,lightpink
Hadley,F,lightpink
Hafsa,F,lightpink
Hailey,F,lightpink
Hailie,F,lightpink
Haley,F,lightpink
Hamza,M,lightblue
Hana,F,lightpink
Hania,F,lightpink
Haniya,F,lightpink
Hanley,M,lightblue
Hanna,F,lightpink
Hannah,F,lightpink
Hao,M,lightblue
Hareem,F,lightpink
Harley,F,lightpink
Harlow,F,lightpink
Harmony,F,lightpink
Harper,F,lightpink
Harrison,M,lightblue
Harry,M,lightblue
Harvey,M,lightblue
Hashim,M,lightblue
Hassan,M,lightblue
Hawa,F,lightpink
Hayden,M,lightblue
Hayes,M,lightblue
Haylee,F,lightpink
Hayley,F,lightpink
Hazel,F,lightpink
Heaven,F,lightpink
Heavenly,F,lightpink
Hector,M,lightblue
Heidi,F,lightpink
Heidy,F,lightpink
Helen,F,lightpink
Helena,F,lightpink
Henchy,F,lightpink
Hendy,F,lightpink
Henny,F,lightpink
Henri,M,lightblue
Henry,M,lightblue
Herman,M,lightblue
Hersh,M,lightblue
Hershel,M,lightblue
Hershy,M,lightblue
Hillel,M,lightblue
Hinda,F,lightpink
Hindy,F,lightpink
Holden,M,lightblue
Hoorain,F,lightpink
Hope,F,lightpink
Hudson,M,lightblue
Hugo,M,lightblue
Humaira,F,lightpink
Hunter,M,lightblue
Ian,M,lightblue
Ibrahim,M,lightblue
Ibrahima,M,lightblue
Ibrohim,M,lightblue
Idris,M,lightblue
Idy,F,lightpink
Iker,M,lightblue
Ilan,M,lightblue
Ilana,F,lightpink
Imani,F,lightpink
Imogen,F,lightpink
Imona,F,lightpink
Imran,M,lightblue
Imron,M,lightblue
Inaaya,F,lightpink
Inaya,F,lightpink
India,F,lightpink
Ines,F,lightpink
Ingrid,F,lightpink
Irene,F,lightpink
Iris,F,lightpink
Isaac,M,lightblue
Isabel,F,lightpink
Isabela,F,lightpink
Isabella,F,lightpink
Isabelle,F,lightpink
Isaiah,M,lightblue
Isaias,M,lightblue
Ishaan,M,lightblue
Ishmael,M,lightblue
Isiah,M,lightblue
Isis,F,lightpink
Isla,F,lightpink
Ismael,M,lightblue
Ismail,M,lightblue
Israel,M,lightblue
Issac,M,lightblue
Itzel,F,lightpink
Ivaan,M,lightblue
Ivan,M,lightblue
Ivanna,F,lightpink
Ivy,F,lightpink
Iymona,F,lightpink
Izabella,F,lightpink
Izaiah,M,lightblue
Jabari,M,lightblue
Jace,M,lightblue
Jack,M,lightblue
Jackson,M,lightblue
Jacky,M,lightblue
Jacob,M,lightblue
Jacqueline,F,lightpink
Jad,M,lightblue
Jada,F,lightpink
Jade,F,lightpink
Jaden,M,lightblue
Jadiel,M,lightblue
Jael,M,lightblue
Jaelyn,F,lightpink
Jaelynn,F,lightpink
Jaheim,M,lightblue
Jahir,M,lightblue
Jahmir,M,lightblue
Jaiden,M,lightblue
Jaime,M,lightblue
Jair,M,lightblue
Jake,M,lightblue
Jakob,M,lightblue
Jakub,M,lightblue
Jalen,M,lightblue
Jaliyah,F,lightpink
Jamal,M,lightblue
Jamar,M,lightblue
Jamari,M,lightblue
Jamel,M,lightblue
James,M,lightblue
Jameson,M,lightblue
Jamie,F,lightpink
Jamir,M,lightblue
Jana,F,lightpink
Janae,F,lightpink
Jane,F,lightpink
Janelle,F,lightpink
Janice,F,lightpink
Janiel,M,lightblue
Janiya,F,lightpink
Janiyah,F,lightpink
Jannat,F,lightpink
Jannatul,F,lightpink
Januel,M,lightblue
Jared,M,lightblue
Jariel,M,lightblue
Jasiah,M,lightblue
Jaslene,F,lightpink
Jaslyn,F,lightpink
Jasmin,F,lightpink
Jasmina,F,lightpink
Jasmine,F,lightpink
Jason,M,lightblue
Jasper,M,lightblue
Javier,M,lightblue
Jax,M,lightblue
Jaxon,M,lightblue
Jaxson,M,lightblue
Jay,M,lightblue
Jayce,M,lightblue
Jayceon,M,lightblue
Jaycob,M,lightblue
Jayda,F,lightpink
Jayden,M,lightblue
Jayla,F,lightpink
Jaylah,F,lightpink
Jaylani,F,lightpink
Jaylee,F,lightpink
Jayleen,F,lightpink
Jaylen,M,lightblue
Jaylene,F,lightpink
Jaylin,F,lightpink
Jaylyn,F,lightpink
Jayren,M,lightblue
Jayson,M,lightblue
Jaziel,M,lightblue
Jazlyn,F,lightpink
Jazmin,F,lightpink
Jazmine,F,lightpink
Jazzlyn,F,lightpink
Jean,M,lightblue
Jeancarlos,M,lightblue
Jefferson,M,lightblue
Jeffrey,M,lightblue
Jelani,M,lightblue
Jencarlos,M,lightblue
Jenna,F,lightpink
Jennifer,F,lightpink
Jenny,F,lightpink
Jeremiah,M,lightblue
Jeremias,M,lightblue
Jeremy,M,lightblue
Jermaine,M,lightblue
Jerry,M,lightblue
Jesse,M,lightblue
Jessica,F,lightpink
Jessie,F,lightpink
Jesus,M,lightblue
Jewel,F,lightpink
Jia,M,lightblue
Jimena,F,lightpink
Jimmy,M,lightblue
Joanna,F,lightpink
Joaquin,M,lightblue
Jocelyn,F,lightpink
Joel,M,lightblue
Joelle,F,lightpink
Johan,M,lightblue
Johann,M,lightblue
Johanna,F,lightpink
John,M,lightblue
Johnathan,M,lightblue
Johnny,M,lightblue
Jolie,F,lightpink
Jolin,F,lightpink
Jon,M,lightblue
Jonael,M,lightblue
Jonah,M,lightblue
Jonas,M,lightblue
Jonathan,M,lightblue
Jordan,M,lightblue
Jordi,M,lightblue
Jordyn,F,lightpink
Jorge,M,lightblue
Jose,M,lightblue
Josef,M,lightblue
Joselyn,F,lightpink
Joseph,M,lightblue
Josephine,F,lightpink
Joshua,M,lightblue
Josiah,M,lightblue
Josie,F,lightpink
Josue,M,lightblue
Journee,F,lightpink
Journey,F,lightpink
Joy,F,lightpink
Joyce,F,lightpink
Joziah,M,lightblue
Juan,M,lightblue
Judah,M,lightblue
Jude,M,lightblue
Judy,F,lightpink
Julia,F,lightpink
Julian,M,lightblue
Juliana,F,lightpink
Julianna,F,lightpink
Julie,F,lightpink
Julien,M,lightblue
Juliet,F,lightpink
Juliette,F,lightpink
Julio,M,lightblue
Julissa,F,lightpink
Julius,M,lightblue
Jun,M,lightblue
June,F,lightpink
Junior,M,lightblue
Juniper,F,lightpink
Justice,M,lightblue
Justin,M,lightblue
Kabir,M,lightblue
Kacper,M,lightblue
Kaden,M,lightblue
Kadiatou,F,lightpink
Kaelyn,F,lightpink
Kai,M,lightblue
Kaia,F,lightpink
Kaiden,M,lightblue
Kailani,F,lightpink
Kailee,F,lightpink
Kailey,F,lightpink
Kailyn,F,lightpink
Kairo,M,lightblue
Kaitlyn,F,lightpink
Kalani,F,lightpink
Kaleb,M,lightblue
Kali,F,lightpink
Kaliyah,F,lightpink
Kamari,M,lightblue
Kameron,M,lightblue
Kamila,F,lightpink
Kamiyah,F,lightpink
Kamren,M,lightblue
Karas,M,lightblue
Kareem,M,lightblue
Karen,F,lightpink
Karina,F,lightpink
Karla,F,lightpink
Karter,M,lightblue
Kash,M,lightblue
Kassandra,F,lightpink
Kate,F,lightpink
Katelyn,F,lightpink
Katelynn,F,lightpink
Katerina,F,lightpink
Katherine,F,lightpink
Kathryn,F,lightpink
Katie,F,lightpink
Kaya,F,lightpink
Kayden,M,lightblue
Kayla,F,lightpink
Kaylani,F,lightpink
Kaylee,F,lightpink
Kayleen,F,lightpink
Kayleigh,F,lightpink
Kaylie,F,lightpink
Kaylin,F,lightpink
Kayson,M,lightblue
Kazi,M,lightblue
Kehlani,F,lightpink
Keila,F,lightpink
Keily,F,lightpink
Keira,F,lightpink
Keith,M,lightblue
Kelly,F,lightpink
Kelsey,F,lightpink
Kelvin,M,lightblue
Kendra,F,lightpink
Kendrick,M,lightblue
Kennedi,F,lightpink
Kennedy,F,lightpink
Kenneth,M,lightblue
Kenny,M,lightblue
Kenya,F,lightpink
Kenzie,F,lightpink
Kenzo,M,lightblue
Kevin,M,lightblue
Keyla,F,lightpink
Khadija,F,lightpink
Khadijah,F,lightpink
Khaleesi,F,lightpink
Khalil,M,lightblue
Khari,M,lightblue
Khloe,F,lightpink
Kiaan,M,lightblue
Kian,M,lightblue
Kiara,F,lightpink
Kiera,F,lightpink
Kieran,M,lightblue
Kimberly,F,lightpink
Kimi,M,lightblue
Kimora,F,lightpink
King,M,lightblue
Kingsley,M,lightblue
Kingston,M,lightblue
Kira,F,lightpink
Kiyan,M,lightblue
Kobe,M,lightblue
Kori,F,lightpink
Kourtney,F,lightpink
Krish,M,lightblue
Kristen,F,lightpink
Kristian,M,lightblue
Kristina,F,lightpink
Krystal,F,lightpink
Kyla,F,lightpink
Kyle,M,lightblue
Kylee,F,lightpink
Kylian,M,lightblue
Kylie,F,lightpink
Kymani,M,lightblue
Kyra,F,lightpink
Kyree,M,lightblue
Kyrie,M,lightblue
Kyro,M,lightblue
Kyson,M,lightblue
Laia,F,lightpink
Laila,F,lightpink
Lailah,F,lightpink
Laith,M,lightblue
Lamar,M,lightblue
Lana,F,lightpink
Landon,M,lightblue
Lara,F,lightpink
Larry,M,lightblue
Laura,F,lightpink
Lauren,F,lightpink
Lauryn,F,lightpink
Lawrence,M,lightblue
Layan,F,lightpink
Layla,F,lightpink
Lazer,M,lightblue
Lea,F,lightpink
Leah,F,lightpink
Leandro,M,lightblue
Leanna,F,lightpink
Leela,F,lightpink
Legacy,F,lightpink
Legend,M,lightblue
Leia,F,lightpink
Leib,M,lightblue
Leibish,M,lightblue
Leiby,M,lightblue
Leila,F,lightpink
Leilani,F,lightpink
Leilany,F,lightpink
Lena,F,lightpink
Lennox,M,lightblue
Lenny,M,lightblue
Leo,M,lightblue
Leon,M,lightblue
Leona,F,lightpink
Leonard,M,lightblue
Leonardo,M,lightblue
Leonel,M,lightblue
Leonidas,M,lightblue
Leora,F,lightpink
Lesley,F,lightpink
Leslie,F,lightpink
Lesly,F,lightpink
Lev,M,lightblue
Levi,M,lightblue
Leyla,F,lightpink
Lia,F,lightpink
Liah,F,lightpink
Liam,M,lightblue
Lian,M,lightblue
Liana,F,lightpink
Lianna,F,lightpink
Liba,F,lightpink
Libby,F,lightpink
Lielle,F,lightpink
Lila,F,lightpink
Lilah,F,lightpink
Lilia,F,lightpink
Lilian,F,lightpink
Liliana,F,lightpink
Lillian,F,lightpink
Lilliana,F,lightpink
Lilly,F,lightpink
Lily,F,lightpink
Lina,F,lightpink
Lincoln,M,lightblue
Linda,F,lightpink
Lindsay,F,lightpink
Lionel,M,lightblue
Liora,F,lightpink
Lipa,M,lightblue
Lisa,F,lightpink
Litzy,F,lightpink
Liv,F,lightpink
Livia,F,lightpink
Liyana,F,lightpink
Liz,F,lightpink
Lizbeth,F,lightpink
Lizeth,F,lightpink
Logan,M,lightblue
Lola,F,lightpink
London,F,lightpink
Londyn,F,lightpink
Lorenzo,M,lightblue
Louis,M,lightblue
Louisa,F,lightpink
Louise,F,lightpink
Loyal,M,lightblue
Luca,M,lightblue
Lucas,M,lightblue
Lucia,F,lightpink
Lucian,M,lightblue
Luciana,F,lightpink
Luciano,M,lightblue
Lucien,M,lightblue
Lucille,F,lightpink
Lucy,F,lightpink
Luis,M,lightblue
Luka,M,lightblue
Lukas,M,lightblue
Luke,M,lightblue
Luna,F,lightpink
Luz,F,lightpink
Lyam,M,lightblue
Lyanna,F,lightpink
Lydia,F,lightpink
Lyla,F,lightpink
Lyric,F,lightpink
Mabel,F,lightpink
Mackenzie,F,lightpink
Maddox,M,lightblue
Madeleine,F,lightpink
Madeline,F,lightpink
Madelyn,F,lightpink
Madina,F,lightpink
Madison,F,lightpink
Madisyn,F,lightpink
Mae,F,lightpink
Maeve,F,lightpink
Magaly,F,lightpink
Maggie,F,lightpink
Mahamadou,M,lightblue
Mahira,F,lightpink
Mahnoor,F,lightpink
Maia,F,lightpink
Maimouna,F,lightpink
Maisie,F,lightpink
Maison,M,lightblue
Maite,F,lightpink
Major,M,lightblue
Makai,M,lightblue
Makayla,F,lightpink
Makenzie,F,lightpink
Makhi,M,lightblue
Maksim,M,lightblue
Malachi,M,lightblue
Malak,F,lightpink
Malani,F,lightpink
Malaysia,F,lightpink
Malcolm,M,lightblue
Malia,F,lightpink
Maliha,F,lightpink
Malik,M,lightblue
Malika,F,lightpink
Maliyah,F,lightpink
Malka,F,lightpink
Malky,F,lightpink
Mamadou,M,lightblue
Mandy,F,lightpink
Manha,F,lightpink
Manuel,M,lightblue
Mara,F,lightpink
Marc,M,lightblue
Marcel,M,lightblue
Marcelo,M,lightblue
Marco,M,lightblue
Marcos,M,lightblue
Marcus,M,lightblue
Margaret,F,lightpink
Margaux,F,lightpink
Margot,F,lightpink
Maria,F,lightpink
Mariah,F,lightpink
Mariam,F,lightpink
Mariama,F,lightpink
Mariana,F,lightpink
Marie,F,lightpink
Marielle,F,lightpink
Marilyn,F,lightpink
Marina,F,lightpink
Mario,M,lightblue
Marisol,F,lightpink
Marjorie,F,lightpink
Mark,M,lightblue
Marley,F,lightpink
Marlon,M,lightblue
Marlowe,F,lightpink
Marquis,M,lightblue
Martin,M,lightblue
Marvin,M,lightblue
Mary,F,lightpink
Maryam,F,lightpink
Mason,M,lightblue
Massimo,M,lightblue
Mateo,M,lightblue
Mathew,M,lightblue
Mathias,M,lightblue
Matias,M,lightblue
Matilda,F,lightpink
Matteo,M,lightblue
Matthew,M,lightblue
Matthias,M,lightblue
Matty,F,lightpink
Maurice,M,lightblue
Mauricio,M,lightblue
Maverick,M,lightblue
Max,M,lightblue
Maxim,M,lightblue
Maximilian,M,lightblue
Maximiliano,M,lightblue
Maximo,M,lightblue
Maximus,M,lightblue
Maxwell,M,lightblue
Maya,F,lightpink
Mayar,F,lightpink
Mayer,M,lightblue
Mayson,M,lightblue
Mckenzie,F,lightpink
Md,M,lightblue
Mechel,M,lightblue
Meera,F,lightpink
Megan,F,lightpink
Meghan,F,lightpink
Meilech,M,lightblue
Meir,M,lightblue
Meira,F,lightpink
Mekhi,M,lightblue
Melania,F,lightpink
Melanie,F,lightpink
Melany,F,lightpink
Melina,F,lightpink
Melissa,F,lightpink
Melody,F,lightpink
Melvin,M,lightblue
Menachem,M,lightblue
Menashe,M,lightblue
Mendel,M,lightblue
Mendy,M,lightblue
Menucha,F,lightpink
Meshilem,M,lightblue
Messiah,M,lightblue
Meyer,M,lightblue
Mia,F,lightpink
Miah,F,lightpink
Micaela,F,lightpink
Micah,M,lightblue
Michael,M,lightblue
Michaela,F,lightpink
Michal,F,lightpink
Michelle,F,lightpink
Miguel,M,lightblue
Mika,F,lightpink
Mikael,M,lightblue
Mikaela,F,lightpink
Mikayla,F,lightpink
Mike,M,lightblue
Mila,F,lightpink
Milagros,F,lightpink
Milan,F,lightpink
Milana,F,lightpink
Milani,F,lightpink
Milania,F,lightpink
Milena,F,lightpink
Miles,M,lightblue
Miley,F,lightpink
Millie,F,lightpink
Milo,M,lightblue
Mina,F,lightpink
Mindy,F,lightpink
Minha,F,lightpink
Mira,F,lightpink
Miracle,F,lightpink
Miranda,F,lightpink
Mirel,F,lightpink
Mirha,F,lightpink
Miri,F,lightpink
Miriam,F,lightpink
Misael,M,lightblue
Miya,F,lightpink
Mk,M,lightblue
Mohamed,M,lightblue
Mohammad,M,lightblue
Mohammed,M,lightblue
Moises,M,lightblue
Moishe,M,lightblue
Moishy,M,lightblue
Mollie,F,lightpink
Molly,F,lightpink
Monica,F,lightpink
Monserrat,F,lightpink
Montserrat,F,lightpink
Mordche,M,lightblue
Mordechai,M,lightblue
Morgan,F,lightpink
Morris,M,lightblue
Moses,M,lightblue
Moshe,M,lightblue
Motty,M,lightblue
Mouhamed,M,lightblue
Moussa,M,lightblue
Muhammad,M,lightblue
Muhammad ali,M,lightblue
Muhammad yusuf,M,lightblue
Muhammadali,M,lightblue
Muntaha,F,lightpink
Musa,M,lightblue
Mushka,F,lightpink
Muslima,F,lightpink
Mustafa,M,lightblue
Mya,F,lightpink
Myla,F,lightpink
Myles,M,lightblue
Myra,F,lightpink
Nabiha,F,lightpink
Nachman,M,lightblue
Nadav,M,lightblue
Nadia,F,lightpink
Naftali,M,lightblue
Naftuli,M,lightblue
Nahla,F,lightpink
Nailah,F,lightpink
Nala,F,lightpink
Nalani,F,lightpink
Nana,M,lightblue
Nancy,F,lightpink
Naomi,F,lightpink
Nashla,F,lightpink
Nashley,F,lightpink
Nashly,F,lightpink
Nasir,M,lightblue
Natalia,F,lightpink
Natalie,F,lightpink
Nataly,F,lightpink
Natasha,F,lightpink
Nathalia,F,lightpink
Nathalie,F,lightpink
Nathaly,F,lightpink
Nathan,M,lightblue
Nathanael,M,lightblue
Nathaniel,M,lightblue
Nava,F,lightpink
Naya,F,lightpink
Nayeli,F,lightpink
Nayla,F,lightpink
Nazir,M,lightblue
Nechama,F,lightpink
Nehemiah,M,lightblue
Neil,M,lightblue
Nelson,M,lightblue
Nevaeh,F,lightpink
Neymar,M,lightblue
Nia,F,lightpink
Niam,M,lightblue
Nicholas,M,lightblue
Nico,M,lightblue
Nicolas,M,lightblue
Nicole,F,lightpink
Nicolette,F,lightpink
Nigel,M,lightblue
Nikhil,M,lightblue
Nikita,M,lightblue
Nikolai,M,lightblue
Nikolas,M,lightblue
Nina,F,lightpink
Noa,F,lightpink
Noach,M,lightblue
Noah,M,lightblue
Noam,M,lightblue
Noel,M,lightblue
Noelle,F,lightpink
Noemi,F,lightpink
Nolan,M,lightblue
Noor,F,lightpink
Nora,F,lightpink
Norah,F,lightpink
Nosson,M,lightblue
Nova,F,lightpink
Nuchem,M,lightblue
Nusrat,F,lightpink
Nyah,F,lightpink
Nyla,F,lightpink
Nylah,F,lightpink
Nyra,F,lightpink
Ocean,M,lightblue
Olive,F,lightpink
Oliver,M,lightblue
Olivia,F,lightpink
Olympia,F,lightpink
Omar,M,lightblue
Omari,M,lightblue
Onyx,M,lightblue
Ophelia,F,lightpink
Oren,M,lightblue
Ori,M,lightblue
Orion,M,lightblue
Orlando,M,lightblue
Orly,F,lightpink
Oscar,M,lightblue
Oskar,M,lightblue
Otis,M,lightblue
Otto,M,lightblue
Oumar,M,lightblue
Oumou,F,lightpink
Ousmane,M,lightblue
Owen,M,lightblue
Pablo,M,lightblue
Paige,F,lightpink
Paloma,F,lightpink
Pamela,F,lightpink
Paola,F,lightpink
Paris,F,lightpink
Parizoda,F,lightpink
Parker,F,lightpink
Patrick,M,lightblue
Paul,M,lightblue
Paula,F,lightpink
Payton,F,lightpink
Pearl,F,lightpink
Pedro,M,lightblue
Penelope,F,lightpink
Perel,F,lightpink
Peretz,M,lightblue
Perl,F,lightpink
Perla,F,lightpink
Perry,F,lightpink
Pessy,F,lightpink
Peter,M,lightblue
Peyton,F,lightpink
Philip,M,lightblue
Phoebe,F,lightpink
Phoenix,F,lightpink
Pierce,M,lightblue
Pinchas,M,lightblue
Pinchos,M,lightblue
Pinchus,M,lightblue
Piper,F,lightpink
Polina,F,lightpink
Poppy,F,lightpink
Precious,F,lightpink
Preston,M,lightblue
Prince,M,lightblue
Princess,F,lightpink
Princeton,M,lightblue
Priscilla,F,lightpink
Queena,F,lightpink
Queenie,F,lightpink
Quincy,M,lightblue
Quinn,F,lightpink
Rachel,F,lightpink
Rafael,M,lightblue
Rahaf,F,lightpink
Raina,F,lightpink
Raizel,F,lightpink
Raizy,F,lightpink
Ralph,M,lightblue
Randy,M,lightblue
Raphael,M,lightblue
Raquel,F,lightpink
Raul,M,lightblue
Raya,F,lightpink
Rayan,M,lightblue
Raymond,M,lightblue
Rayna,F,lightpink
Rayyan,M,lightblue
Reagan,F,lightpink
Rebecca,F,lightpink
Rechel,F,lightpink
Reed,M,lightblue
Reem,F,lightpink
Reese,F,lightpink
Rehan,M,lightblue
Reid,M,lightblue
Reign,F,lightpink
Reina,F,lightpink
Reizy,F,lightpink
Remi,F,lightpink
Remy,M,lightblue
Rena,F,lightpink
Renata,F,lightpink
Renee,F,lightpink
Reuben,M,lightblue
Reuven,M,lightblue
Rhea,F,lightpink
Rhys,M,lightblue
Ricardo,M,lightblue
Richard,M,lightblue
Ricky,M,lightblue
Rifka,F,lightpink
Rifky,F,lightpink
Rihanna,F,lightpink
Riley,F,lightpink
Rina,F,lightpink
Riva,F,lightpink
River,M,lightblue
Rivka,F,lightpink
Rivkah,F,lightpink
Rivky,F,lightpink
Riya,F,lightpink
Robert,M,lightblue
Roberto,M,lightblue
Rocco,M,lightblue
Rochel,F,lightpink
Rodney,M,lightblue
Rodrigo,M,lightblue
Roger,M,lightblue
Rohaan,M,lightblue
Rohan,M,lightblue
Roiza,F,lightpink
Roizy,F,lightpink
Roman,M,lightblue
Romeo,M,lightblue
Romy,F,lightpink
Ronald,M,lightblue
Ronaldo,M,lightblue
Ronan,M,lightblue
Rory,M,lightblue
Rosa,F,lightpink
Rosalia,F,lightpink
Rose,F,lightpink
Roselyn,F,lightpink
Rosemary,F,lightpink
Rosie,F,lightpink
Rowan,M,lightblue
Roy,M,lightblue
Royal,M,lightblue
Royalty,F,lightpink
Royce,M,lightblue
Ruben,M,lightblue
Ruby,F,lightpink
Ruchel,F,lightpink
Ruchy,F,lightpink
Russell,M,lightblue
Ruth,F,lightpink
Ryan,F,lightpink
Ryder,M,lightblue
Rylee,F,lightpink
Saanvi,F,lightpink
Sabiha,F,lightpink
Sabina,F,lightpink
Sabrina,F,lightpink
Sade,F,lightpink
Sadie,F,lightpink
Safa,F,lightpink
Safiya,F,lightpink
Safwan,M,lightblue
Sage,F,lightpink
Sahil,M,lightblue
Saif,M,lightblue
Saifan,M,lightblue
Saige,F,lightpink
Saint,M,lightblue
Salma,F,lightpink
Salome,F,lightpink
Salvatore,M,lightblue
Sam,M,lightblue
Sama,F,lightpink
Samaira,F,lightpink
Samantha,F,lightpink
Samara,F,lightpink
Sami,M,lightblue
Samir,M,lightblue
Samira,F,lightpink
Samiya,F,lightpink
Samiyah,F,lightpink
Sammy,M,lightblue
Samuel,M,lightblue
Sanaa,F,lightpink
Sanai,F,lightpink
Sandra,F,lightpink
Saniya,F,lightpink
Saniyah,F,lightpink
Santiago,M,lightblue
Santino,M,lightblue
Saoirse,F,lightpink
Sapphire,F,lightpink
Sara,F,lightpink
Sarah,F,lightpink
Sarahi,F,lightpink
Sarai,F,lightpink
Sari,F,lightpink
Sariah,F,lightpink
Sarina,F,lightpink
Sariyah,F,lightpink
Sasha,F,lightpink
Saul,M,lightblue
Savanna,F,lightpink
Savannah,F,lightpink
Savion,M,lightblue
Sawyer,M,lightblue
Scarlet,F,lightpink
Scarlett,F,lightpink
Scott,M,lightblue
Sean,M,lightblue
Sebastian,M,lightblue
Sekou,M,lightblue
Selena,F,lightpink
Selim,M,lightblue
Selina,F,lightpink
Selma,F,lightpink
Serafina,F,lightpink
Serena,F,lightpink
Serenity,F,lightpink
Sergio,M,lightblue
Seth,M,lightblue
Seven,M,lightblue
Sevyn,F,lightpink
Shai,M,lightblue
Shaina,F,lightpink
Shaindel,F,lightpink
Shaindy,F,lightpink
Shalom,M,lightblue
Shane,M,lightblue
Shania,F,lightpink
Shaniya,F,lightpink
Sharon,F,lightpink
Shaul,M,lightblue
Shavy,F,lightpink
Shawn,M,lightblue
Shay,F,lightpink
Shaya,M,lightblue
Shayaan,M,lightblue
Shayan,M,lightblue
Shayla,F,lightpink
Shayna,F,lightpink
Shea,M,lightblue
Sheldon,M,lightblue
Sherlyn,F,lightpink
Sherry,F,lightpink
Shevy,F,lightpink
Shia,M,lightblue
Shifra,F,lightpink
Shiloh,F,lightpink
Shimon,M,lightblue
Shira,F,lightpink
Shirley,F,lightpink
Shloime,M,lightblue
Shloimy,M,lightblue
Shloma,M,lightblue
Shlome,M,lightblue
Shlomo,M,lightblue
Shmiel,M,lightblue
Shmuel,M,lightblue
Shneur,M,lightblue
Sholom,M,lightblue
Shoshana,F,lightpink
Shraga,M,lightblue
Shreya,F,lightpink
Shukrona,F,lightpink
Shulem,M,lightblue
Sidney,M,lightblue
Sidratul,F,lightpink
Siena,F,lightpink
Sienna,F,lightpink
Silas,M,lightblue
Sima,F,lightpink
Simcha,M,lightblue
Simi,F,lightpink
Simon,M,lightblue
Simone,F,lightpink
Sincere,M,lightblue
Sky,F,lightpink
Skye,F,lightpink
Skyla,F,lightpink
Skylah,F,lightpink
Skylar,F,lightpink
Skyler,M,lightblue
Sloane,F,lightpink
Sofia,F,lightpink
Soliha,F,lightpink
Solomon,M,lightblue
Sonia,F,lightpink
Sonny,M,lightblue
Sophia,F,lightpink
Sophie,F,lightpink
Soraya,F,lightpink
Spencer,M,lightblue
Sruly,M,lightblue
Stacey,F,lightpink
Stacy,F,lightpink
Stanley,M,lightblue
Stefan,M,lightblue
Stella,F,lightpink
Stephanie,F,lightpink
Stephany,F,lightpink
Stephen,M,lightblue
Steve,M,lightblue
Steven,M,lightblue
Stevie,F,lightpink
Subhan,M,lightblue
Sulaiman,M,lightblue
Summer,F,lightpink
Sunny,F,lightpink
Suri,F,lightpink
Sury,F,lightpink
Sydney,F,lightpink
Syed,M,lightblue
Syeda,F,lightpink
Sylvia,F,lightpink
Sylvie,F,lightpink
Symphony,F,lightpink
Tabitha,F,lightpink
Tahmid,M,lightblue
Talia,F,lightpink
Taliyah,F,lightpink
Tallulah,F,lightpink
Tamar,F,lightpink
Tamara,F,lightpink
Tamia,F,lightpink
Tanisha,F,lightpink
Taraji,F,lightpink
Tasnim,F,lightpink
Tatiana,F,lightpink
Taylor,F,lightpink
Teagan,F,lightpink
Tehila,F,lightpink
Tenzin,M,lightblue
Terrell,M,lightblue
Terrence,M,lightblue
Terry,M,lightblue
Tess,F,lightpink
Tessa,F,lightpink
Thea,F,lightpink
Theo,M,lightblue
Theodora,F,lightpink
Theodore,M,lightblue
Thiago,M,lightblue
Thierno,M,lightblue
Thomas,M,lightblue
Tiana,F,lightpink
Tianna,F,lightpink
Tiffany,F,lightpink
Timothy,M,lightblue
Timur,M,lightblue
Tina,F,lightpink
Toba,F,lightpink
Tobias,M,lightblue
Toby,F,lightpink
Tomas,M,lightblue
Tony,M,lightblue
Tori,F,lightpink
Tova,F,lightpink
Trany,F,lightpink
Travis,M,lightblue
Trinity,F,lightpink
Tristan,M,lightblue
Troy,M,lightblue
Tyler,M,lightblue
Tzipora,F,lightpink
Tziporah,F,lightpink
Tzippy,F,lightpink
Tzirel,F,lightpink
Tzivia,F,lightpink
Tzvi,M,lightblue
Umar,M,lightblue
Uriel,M,lightblue
Usher,M,lightblue
Usman,M,lightblue
Valentin,M,lightblue
Valentina,F,lightpink
Valentino,M,lightblue
Valeria,F,lightpink
Valerie,F,lightpink
Valery,F,lightpink
Vanessa,F,lightpink
Veer,M,lightblue
Vera,F,lightpink
Veronica,F,lightpink
Veronika,F,lightpink
Vicky,F,lightpink
Victor,M,lightblue
Victoria,F,lightpink
Vienna,F,lightpink
Vihaan,M,lightblue
Viktor,M,lightblue
Vincent,M,lightblue
Vincenzo,M,lightblue
Violet,F,lightpink
Violeta,F,lightpink
Virginia,F,lightpink
Vivian,F,lightpink
Viviana,F,lightpink
Vivienne,F,lightpink
Walker,M,lightblue
Walter,M,lightblue
Wendy,F,lightpink
Wesley,M,lightblue
Weston,M,lightblue
Wilder,M,lightblue
Willa,F,lightpink
William,M,lightblue
Willow,F,lightpink
Wilson,M,lightblue
Winnie,F,lightpink
Winston,M,lightblue
Winter,F,lightpink
Wolf,M,lightblue
Wyatt,M,lightblue
Wynter,F,lightpink
Xander,M,lightblue
Xavier,M,lightblue
Ximena,F,lightpink
Xin,F,lightpink
Xiomara,F,lightpink
Yaakov,M,lightblue
Yachet,F,lightpink
Yadiel,M,lightblue
Yael,F,lightpink
Yahir,M,lightblue
Yahya,M,lightblue
Yair,M,lightblue
Yakov,M,lightblue
Yamilet,F,lightpink
Yamileth,F,lightpink
Yandel,M,lightblue
Yaniel,M,lightblue
Yanky,M,lightblue
Yara,F,lightpink
Yareli,F,lightpink
Yaretzi,F,lightpink
Yariel,M,lightblue
Yaritza,F,lightpink
Yaseen,M,lightblue
Yasin,M,lightblue
Yasmin,F,lightpink
Yasmina,F,lightpink
Yasmine,F,lightpink
Yassin,M,lightblue
Yazan,M,lightblue
Yechezkel,M,lightblue
Yechiel,M,lightblue
Yehoshua,M,lightblue
Yehuda,M,lightblue
Yehudah,M,lightblue
Yehudis,F,lightpink
Yenty,F,lightpink
Yerik,M,lightblue
Yesenia,F,lightpink
Yeshaya,M,lightblue
Yida,M,lightblue
Yidel,M,lightblue
Yides,F,lightpink
Yisrael,M,lightblue
Yisroel,M,lightblue
Yitta,F,lightpink
Yitty,F,lightpink
Yitzchak,M,lightblue
Yitzchok,M,lightblue
Yocheved,F,lightpink
Yoel,M,lightblue
Yona,M,lightblue
Yonah,M,lightblue
Yonatan,M,lightblue
Yosef,M,lightblue
Yossi,M,lightblue
Younis,M,lightblue
Yousef,M,lightblue
Youssef,M,lightblue
Yu,F,lightpink
Yuna,F,lightpink
Yusuf,M,lightblue
Zabdiel,M,lightblue
Zachariah,M,lightblue
Zachary,M,lightblue
Zahara,F,lightpink
Zahir,M,lightblue
Zahra,F,lightpink
Zaid,M,lightblue
Zaiden,M,lightblue
Zain,M,lightblue
Zainab,F,lightpink
Zaire,M,lightblue
Zakaria,M,lightblue
Zalmen,M,lightblue
Zamir,M,lightblue
Zander,M,lightblue
Zane,M,lightblue
Zaniyah,F,lightpink
Zara,F,lightpink
Zaria,F,lightpink
Zariah,F,lightpink
Zayan,M,lightblue
Zayden,M,lightblue
Zayn,M,lightblue
Zelda,F,lightpink
Zendaya,F,lightpink
Zev,M,lightblue
Zhuri,F,lightpink
Zion,M,lightblue
Zissy,F,lightpink
Zoe,F,lightpink
Zoey,F,lightpink
Zohan,M,lightblue
Zola,F,lightpink
Zora,F,lightpink
Zoya,F,lightpink
Zuri,F,lightpink
Zyaire,M,lightblue